"date","AAPL","SPY","QQQ","XLK"
2023-09-05,0.00126589554611645,-0.00433142145430043,0.00127060032344417,0.00356896881755731
2023-09-06,-0.036449715369697,-0.00674506981951506,-0.00884708826810332,-0.0106313855190159
2023-09-07,-0.029685500182115,-0.00307481167784118,-0.00717722305472446,-0.0145658656872545
2023-09-08,0.00348568675273064,0.00150477960195516,0.0013967362115288,0.00208544424663337
2023-09-11,0.00660064006273942,0.00655511508173223,0.0117137568918588,0.00519520004886953
2023-09-12,-0.0172078676800558,-0.00550067172943258,-0.0111502941481199,-0.0183023406486074
2023-09-13,-0.0119254062569665,0.00116528784633907,0.00380170906925859,0.00251836276903727
2023-09-14,0.00874415899995018,0.00858537599784714,0.00814411264564097,0.00722664067618517
2023-09-15,-0.00416270350596459,-0.0121212738976633,-0.0172711761410147,-0.0194078571246754
2023-09-18,0.0167718046368828,0.000586046501917181,0.00104164522729722,0.00479458498483343
2023-09-19,0.00616200246242471,-0.00207583966561664,-0.0021334149337342,-0.000531689621379172
2023-09-20,-0.0201948165184449,-0.00923599766294458,-0.014515419678391,-0.0158403306677108
2023-09-21,-0.00892906504957747,-0.0166664060317947,-0.0184944150232447,-0.0153636287353738
2023-09-22,0.00493217006891999,-0.00225110654161043,0.000139916368359749,0.00213132389904214
2023-09-25,0.0073531606611672,0.00419639259375693,0.00473830335224079,0.00321853069466993
2023-09-26,-0.0236765322899268,-0.0148003120808005,-0.0151299501460196,-0.0181707934313424
2023-09-27,-0.00893723547275016,0.000399123504601917,0.00234029207577002,0.00154222616415556
2023-09-28,0.00152448335444877,0.0057806573502166,0.0083305225018675,0.00706399362592869
2023-09-29,0.00304174123958667,-0.00242989325614573,0.000725921734924029,0.00342213991020923
2023-10-02,0.014726604968855,-0.000397788108411845,0.00831117258458036,0.0106791879370913
2023-10-03,-0.007800130681205,-0.0134763493643444,-0.0177055527627124,-0.0171048008628407
2023-10-04,0.00728205806885196,0.00725552648218031,0.0135168013614795,0.0123860158298035
2023-10-05,0.00717229654168694,-0.000376783536965242,-0.00295080397039005,0.00133305795935446
2023-10-06,0.0146425781068142,0.0118027747002012,0.0166166589118681,0.0185398057018329
2023-10-09,0.00841565449305204,0.00638186426630494,0.00508693071180044,0.00515828925332951
2023-10-10,-0.00335778513718754,0.00519134106087726,0.00552285427302479,0.00153667234322974
2023-10-11,0.00787307458955944,0.0040878175661696,0.00711000498111858,0.00922783939531069
2023-10-12,0.00504842113613435,-0.00611504464004664,-0.00348095895535661,0.000935675174837947
2023-10-13,-0.0103462176337654,-0.00499324818142632,-0.012649688728283,-0.0144242312658927
2023-10-16,-0.000727131463076347,0.0104663848666871,0.0112429605085316,0.00956111890298228
2023-10-17,-0.008823463441753,-4.59697605199594e-05,-0.00328093132160667,-0.00465130960762039
2023-10-18,-0.00742229728924126,-0.0134145227619946,-0.013204795154687,-0.0103210871559885
2023-10-19,-0.00216327494710278,-0.00882520562735234,-0.0094007533305378,-0.00574009981425849
2023-10-20,-0.0148136031810653,-0.0123641739415259,-0.0150304085548614,-0.0170553114676553
2023-10-23,0.000694027745416825,-0.00173473332107932,0.00301312050167102,0.00115851762862551
2023-10-24,0.00254003116389256,0.00751111296664231,0.00968102637521984,0.00686113065675897
2023-10-25,-0.0135835571460721,-0.0144560297477945,-0.0247802768640524,-0.0118697295691188
2023-10-26,-0.0249132053557837,-0.0120470391597252,-0.0192513806121823,-0.0192896773967028
2023-10-27,0.00793785095936794,-0.0045430423508277,0.00478992321088167,0.00578899091645191
2023-10-30,0.012230109403494,0.0118848145072921,0.0112022236891534,0.0106800946367791
2023-10-31,0.00281489214674213,0.0062606053214358,0.00477057868006625,0.00709765157923758
2023-11-01,0.0185650120015071,0.0106083020726198,0.0172081755511098,0.0191436006014918
2023-11-02,0.0204820973720645,0.0189830182501485,0.0179905082612963,0.0167862651618016
2023-11-03,-0.00519465221625381,0.00908208699852775,0.0116802570392593,0.0102410025782209
2023-11-06,0.0144995657439972,0.00229784796184429,0.00407105249695672,0.00655742950506966
2023-11-07,0.0143474484081416,0.0028419312588106,0.00940834642964283,0.0108725706410979
2023-11-08,0.00586762889586723,0.000732143650713724,0.00064377983556696,0.00564824143995057
2023-11-09,-0.00262802137940987,-0.00782925372632981,-0.00772545025372295,-0.00467631552520942
2023-11-10,0.0229547298392321,0.0154842851401771,0.0222333960000451,0.0257864869341571
2023-11-13,-0.00862077425033903,-0.000953635575579703,-0.0031235371004108,-0.00586595558589753
2023-11-14,0.0141845419991053,0.0192149048807444,0.0212980046074227,0.0198056867492875
2023-11-15,0.0030363931135593,0.0021148481890938,0.000752385989378546,0.00126273925264009
2023-11-16,0.00900149600455613,0.00122241475323204,0.000855378385075767,0.00498013255720764
2023-11-17,-0.000105597940701863,0.00124290973712604,0.000233347925665761,-0.00207660157466449
2023-11-20,0.00923567316325169,0.00766822013503798,0.0121010875577969,0.0143927791958856
2023-11-21,-0.00423994417965012,-0.00218180260494094,-0.00582621681053119,-0.00812140747555379
2023-11-22,0.00350837726189646,0.00385333039768376,0.00408453634713535,0.0044479441106855
2023-11-24,-0.00702886267914771,0.00061507131901184,-0.00141097431608816,-0.00195040025837834
2023-11-27,-0.000948097742648812,-0.00180245388554834,-0.000873290515363223,-5.41549181996004e-05
2023-11-28,0.00320896940078086,0.000989583354431112,0.00261742803633958,0.00189636940106919
2023-11-29,-0.00542450911619063,-0.000703680266963325,-0.000974528691243925,0.000757306760375442
2023-11-30,0.00305818405773284,0.0039296961088251,-0.00251695316341749,0.00145938188109795
2023-12-01,0.00676829144563573,0.00589857159179097,0.00285080716257458,0.00226568297493035
2023-12-04,-0.00950975067677629,-0.00526324133957345,-0.00932713731712109,-0.0122525965754514
2023-12-05,0.0208446642994815,-0.000197214083853758,0.00250782795223792,0.00598207824635111
2023-12-06,-0.00570339488597149,-0.00403784410019092,-0.00580064162678262,-0.00849482994008799
2023-12-07,0.0100882179848689,0.0076014621824303,0.0138754780575301,0.0120673441977095
2023-12-08,0.00738509485540195,0.00428996368727663,0.00444680494395833,0.00850078550247169
2023-12-11,-0.0130114960243635,0.00388198623407465,0.00850584546299604,0.00869427123367306
2023-12-12,0.00788892615274062,0.00455681439701383,0.00793275455359588,0.00661699087083711
2023-12-13,0.0165535937398076,0.0136959807930799,0.0126370165472744,0.00877231097232123
2023-12-14,0.000757520225681318,0.00320422615136451,-0.000867093844972189,-0.00246121540562072
2023-12-15,-0.00272946551996878,-0.00164795272087925,0.00482223528997228,0.00502058169729924
2023-12-18,-0.00853972534410197,0.00560939300963792,0.00627896229224145,0.00298604566910843
2023-12-19,0.00534576052638691,0.00606239934930297,0.00509649492158104,0.00379755695937511
2023-12-20,-0.010771698916594,-0.0139541045792253,-0.0149712586243842,-0.0152258108380003
2023-12-21,-0.000770278197480323,0.00943714139498564,0.0115682874251748,0.0111673951899682
2023-12-22,-0.0055627420086326,0.00200771327265592,0.00149496076775257,0.00130248382123455
2023-12-26,-0.0028452196463844,0.00421364515238931,0.00610302967547049,0.00415697019765471
2023-12-27,0.000517893346263953,0.0018064024709501,0.00203358485791139,-5.19118716546529e-05
2023-12-28,0.00222377047378419,0.000377706906704134,-0.000486164414861712,0.00119208780487057
2023-12-29,-0.00543872046890037,-0.00289918488858909,-0.00433705856094946,-0.00306061892336729
2024-01-02,-0.0364428074843941,-0.00561203576978553,-0.0170671015337316,-0.0265332887572098
2024-01-03,-0.00751579837167959,-0.00820021064844934,-0.0106379003046344,-0.0102422731535441
2024-01-04,-0.0127814616437512,-0.00322627413568366,-0.00515984665550118,-0.00735743763106811
2024-01-05,-0.00402104344807963,0.00136866431392058,0.00118541786284521,-0.000271485705075847
2024-01-08,0.0238872465560771,0.0141749770339699,0.020457369239919,0.0247827102712037
2024-01-09,-0.00226593541208775,-0.00151814744008671,0.00197353019660351,0.00158807760388768
2024-01-10,0.00565544778079907,0.00563940087482173,0.00675458046273469,0.00848071155872354
2024-01-11,-0.00322780264297595,-0.000440638197447996,0.00207879951966561,0.00507507987503075
2024-01-12,0.00177650171095589,0.000692410258194442,0.000512795481868444,0.00323024916043657
2024-01-16,-0.0123935437306457,-0.00367786434644835,-9.76442697693258e-05,0.00249383925838753
2024-01-17,-0.00518693394004632,-0.00557413516025385,-0.00565680632398458,-0.00494162825847955
2024-01-18,0.0320513976337633,0.00885330364059467,0.0140943727026013,0.0200818576486794
2024-01-19,0.0154137616763812,0.0123892181129248,0.0196369890239483,0.0227883499402699
2024-01-22,0.0120899390071862,0.00211215468616377,0.00130489040471815,0.00438679355929938
2024-01-23,0.00663112955071821,0.00291216881523759,0.00414106358050237,0.00402069286423057
2024-01-24,-0.0034900696008151,0.00109260087503049,0.00553390366088813,0.0068622965231242
2024-01-25,-0.00169798859198522,0.00542410449125619,0.00122036153970839,0.00417332359192635
2024-01-26,-0.00905369190480876,-0.00127127076433542,-0.00597524698034935,-0.0115809902038615
2024-01-29,-0.00359225584326328,0.00788824366135543,0.0101882678229215,0.00912833361174226
2024-01-30,-0.0194335004191801,-0.000773791410511926,-0.00667879577324815,-0.0082859072790189
2024-01-31,-0.0195475000104945,-0.0164517240246136,-0.0197804714502574,-0.0212218184276516
2024-02-01,0.0132523868593717,0.0130032033943905,0.0117066747581216,0.0125172757602092
2024-02-02,-0.00541960253789142,0.0104722691896129,0.0167592209205045,0.0102882735489391
2024-02-05,0.00979829470940174,-0.00364784122217277,-0.00130619276994715,0.00227182648327773
2024-02-06,0.00859479274634811,0.00289911131304788,-0.00200903685862741,-0.00459867071208198
2024-02-07,0.000580827323712008,0.00830577981244396,0.0102374100977993,0.0131461421792132
2024-02-08,-0.00577134845852889,0.000441589872038683,0.00185039932575481,0.00312555242760482
2024-02-09,0.00408576572151009,0.00576282510500725,0.0097947289860203,0.0133684006404708
2024-02-12,-0.00904255420867184,-0.000439051828280412,-0.00392022565899097,-0.00763093808113702
2024-02-13,-0.0113385215873807,-0.0138687162002995,-0.0157197860327463,-0.0171146610301891
2024-02-14,-0.00482128831213924,0.00904649581168027,0.0108381648705542,0.010401559613725
2024-02-15,-0.00157617155473755,0.00687603643832357,0.00297338587304807,-0.00210094712998643
2024-02-16,-0.00846586577806896,-0.00499235234735451,-0.00910891810139258,-0.00923799937194314
2024-02-20,-0.00412244664573169,-0.00552065508064103,-0.00757701463159055,-0.0102213450036217
2024-02-21,0.00417710280015537,0.000905472680427621,-0.00400974009830612,-0.00630380167418654
2024-02-22,0.0111812261505708,0.0204843082547734,0.0288554292019736,0.0321987557405041
2024-02-23,-0.0100847578529466,0.000689296392930139,-0.00294904520427419,-0.00233556970773474
2024-02-26,-0.007479155284976,-0.0036692407084491,-0.000526878816924814,0.000973917602886232
2024-02-27,0.00808154453264187,0.00185608683513205,0.00240237827117706,0.000875474484812955
2024-02-28,-0.00664725955533285,-0.00132251489946267,-0.00533868556023886,-0.00472756376637928
2024-02-29,-0.00370004305983507,0.00358845949942044,0.00853290509816951,0.0110766803306142
2024-03-01,-0.00604860891857317,0.00934453423179704,0.0149447320266267,0.0180979472651979
2024-03-04,-0.0257089867782252,-0.0010730356758204,-0.00357469141945721,0
2024-03-05,-0.0288532865367044,-0.0100444068496222,-0.0181125786910812,-0.0248847806458548
2024-03-06,-0.00589543425858441,0.00505433456991966,0.00626406920897793,0.00789767758935866
2024-03-07,-0.000709851842310094,0.00987757027097125,0.0150641053201408,0.0156577110059812
2024-03-08,0.010184591231674,-0.00602023340716595,-0.0145401973295112,-0.0149823793394352
2024-03-11,0.0117622722023407,-0.000860355585559525,-0.00371965867415369,-0.00275270456928389
2024-03-12,0.00277454648251307,0.0107000237738077,0.0142333056156065,0.0202975198353839
2024-03-13,-0.0121968316426075,-0.00156888123494969,-0.00771576087727865,-0.0108636058227587
2024-03-14,0.0108683888806427,-0.00197859557960811,-0.00252437916413228,0.000191668820620272
2024-03-15,-0.00219902644540948,-0.00689026843738549,-0.0119581584069959,-0.0152026627364208
2024-03-18,0.00635205605379152,0.0059255032401051,0.00949206347727571,0.00490311080482275
2024-03-19,0.0134937148954215,0.00554182696508754,0.00248863143604439,0.0051731080089521
2024-03-20,0.0146020254914143,0.00920670793397793,0.0117869348526858,0.011125657873615
2024-03-21,-0.0417155203752611,0.00329928327934681,0.00472104979324239,0.000714983363986121
2024-03-22,0.00529613255713723,-0.00189761265878463,0.00114310868257483,0.000333567570889315
2024-03-25,-0.00833518687636747,-0.00276659695521086,-0.00363587547406841,-0.00664391082736238
2024-03-26,-0.00669466761825621,-0.0018487399412086,-0.00324280798085486,-0.00413298891900205
2024-03-27,0.0209906809910816,0.00836868914623334,0.00340022885644498,0.00509173005151986
2024-03-28,-0.0106152985860311,-0.00019105724541113,-0.00184498416004519,-0.00215846159904132
2024-04-01,-0.00849180279733908,-0.00174132684353712,0.00211470162794836,0.00278113596881191
2024-04-02,-0.00702320626420416,-0.00637843486518452,-0.00866759752667168,-0.00967087443475467
2024-04-03,0.00478581580451731,0.00109787205892165,0.00224177499820843,0.00265562324347801
2024-04-04,-0.00490440743674636,-0.0122811362289923,-0.0154087062816561,-0.0159421743863906
2024-04-05,0.00449171239315138,0.0103926659086646,0.0117149877342531,0.0113994069528509
2024-04-08,-0.00668581734700702,0.000559036976995664,0.000295099985752501,-0.00116336335994127
2024-04-09,0.00721643294674212,0.00115606359407217,0.00369270054460547,0.00503069926233035
2024-04-10,-0.0112016585717409,-0.0100634531670369,-0.00876679709487327,-0.0123313547001187
2024-04-11,0.0423608850597086,0.00751864930532253,0.0158420803288779,0.0197824392706165
2024-04-12,0.00858958769234075,-0.0138993593068442,-0.0160701081639187,-0.0163200825658629
2024-04-15,-0.022106138804137,-0.0126071831566135,-0.0165879180621076,-0.0191680954227849
2024-04-16,-0.0193532939734125,-0.00182539051653752,9.27860162747152e-05,0.00119026893925067
2024-04-17,-0.00818069810223321,-0.00593594479758597,-0.0122765248409973,-0.0145281331058111
2024-04-18,-0.0057308514817187,-0.00205982591392484,-0.00572265463605959,-0.0114813318721065
2024-04-19,-0.0122875822373274,-0.00876658696984922,-0.0209061284674483,-0.0208173640768976
2024-04-22,0.00507784736921746,0.00916692543746667,0.0100064544861151,0.00889393811581929
2024-04-23,0.00637136197182642,0.0117968431179865,0.0148124916293684,0.0147174594077821
2024-04-24,0.0126222193330596,-0.000474827061118788,0.00338201752750233,0.00455501958074134
2024-04-25,0.00513425855935701,-0.0038060702620859,-0.00484149076128482,-0.00217355710494527
2024-04-26,-0.00347903787264681,0.0094292339311135,0.015313746383681,0.0112220525185895
2024-04-29,0.0245053236388157,0.00353523269482281,0.00405204686249494,0.00429443121421524
2024-04-30,-0.0184398018777863,-0.0159681028754184,-0.0190361330154962,-0.0222701006581758
2024-05-01,-0.00606552176102948,-0.00325230871484994,-0.00725679174574534,-0.0102937752116548
2024-05-02,0.0217928699353234,0.00930985291050312,0.0126823988012861,0.0143107329670338
2024-05-03,0.0580955254121145,0.01231914014914,0.0198994353555992,0.0274785721282962
2024-05-06,-0.00914867403333375,0.0102740211017167,0.0108936850215517,0.0116815713985217
2024-05-07,0.00379013711892107,0.00110269375551564,0.000159033386016638,-0.00327475951087131
2024-05-08,0.00186230444693436,9.65983093985656e-05,-0.000590732726766241,0.002835657430178
2024-05-09,0.00996454009492087,0.00574526909006767,0.00217918685277763,-0.000293093709671233
2024-05-10,-0.00691413597846324,0.00128740005185257,0.00235542745705697,0.00370448187786465
2024-05-13,0.0174916188536391,0.000134298453242643,0.00230472207627574,0.00470818557345254
2024-05-14,0.00615429680072932,0.00457772857735339,0.00641158568119859,0.00882254022234807
2024-05-15,0.0121440754765851,0.0123069641486371,0.0155094366902677,0.0222615266870134
2024-05-16,0.000632143750469716,-0.00205975930974223,-0.00203332780909005,-0.00347976621871116
2024-05-17,0.00015813577989654,0.00143651128692657,-0.000486946274855349,-0.00221626912720119
2024-05-20,0.00614303285650664,0.00115162749459685,0.00694840655279716,0.0116865997624842
2024-05-21,0.00683399932674256,0.00244958196744616,0.00195465212416046,0.00163184660286664
2024-05-22,-0.00756706616568792,-0.00288343115204892,-0.000197618119486265,0.00223358002761564
2024-05-23,-0.0212828621414349,-0.0073312046473859,-0.00450850561552407,-0.00816743736811443
2024-05-24,0.0164519999339499,0.00659472052617005,0.00941192123959222,0.00839990368033128
2024-05-28,5.27839628334803e-05,0.000698625754802507,0.00377063651351239,0.00421992577609753
2024-05-29,0.00157769144751185,-0.00702726243129437,-0.00707328977967414,-0.0063599653329085
2024-05-30,0.0052413620094871,-0.00665585788413292,-0.0107712925324961,-0.0230836667135437
2024-05-31,0.00500612773076536,0.00906680574957974,-0.00186197634376573,0.00157140301925907
2024-06-03,0.00921613024216494,0.000815145909137449,0.00535507777194688,0.00251878356683477
2024-06-04,0.00164775211028445,0.00111714681053154,0.00273266106407455,0.00208621235043882
2024-06-05,0.00779058623834583,0.0118153416721869,0.0199593083305265,0.0219707010972163
2024-06-06,-0.00712193201925171,-1.88748889717871e-05,-0.000345221277935792,-0.00334169942019091
2024-06-07,0.0123159139525848,-0.00121648151344989,-0.000885323999630927,0.00232180486288946
2024-06-10,-0.0193333778405984,0.00308500768402542,0.00403109217889419,0.00254764554169906
2024-06-11,0.0701313277047841,0.00240521008070527,0.00683935612216313,0.0184274728757945
2024-06-12,0.0281776749378384,0.00817956724725111,0.0130127835225053,0.021878118159159
2024-06-13,0.00547612391685082,0.00201148569086218,0.00540549196034945,0.00787852132998523
2024-06-14,-0.0082019479936708,0.000608431713012614,0.00516800088355041,0.00374049183096492
2024-06-17,0.0194805416340076,0.00792720824523396,0.0121753001497655,0.0150399129638465
2024-06-18,-0.0110452276351829,0.00253749826778016,0.000309226123826889,0.00125394466401652
2024-06-20,-0.0217476617742314,-0.00272014068468618,-0.00773786602632143,-0.0112991024529894
2024-06-21,-0.0104993656193013,-0.00134173667385706,-0.00268297850419685,-0.0017496798849832
2024-06-24,0.00312777157354382,-0.00325580517591817,-0.0114498368901774,-0.0248219500952978
2024-06-25,0.00445819486460142,0.00384347370947413,0.0113706520781562,0.0181775085270246
2024-06-26,0.019796072659986,0.00124737810659692,0.00206312540657994,-0.00114850578284464
2024-06-27,0.00397803710928368,0.00157533469809223,0.00257797784129821,0.00048599380289005
2024-06-28,-0.0163877191195478,-0.00394305709380749,-0.00520458354401843,-0.00053029848242403
2024-07-01,0.0286890282323577,0.0020559091383987,0.00584800891389747,0.00753029925666127
2024-07-02,0.016109486345778,0.0067073475803916,0.0104449126812964,0.00498890234942895
2024-07-03,0.00579423100524057,0.00445259269340514,0.00830257766352815,0.0133984114675956
2024-07-05,0.0213899733998364,0.00574992181944456,0.0103728681057742,0.00305356870357354
2024-07-08,0.00651758806459668,0.00115343142837698,0.00237538296339324,0.00680418766232993
2024-07-09,0.00376768284881646,0.000971587362031734,0.000864349768245454,-0.000810576295169341
2024-07-10,0.0186290406799383,0.00984686875764673,0.0103724654814812,0.0144082030485864
2024-07-11,-0.0234946635083553,-0.00865995500095895,-0.0221742176696731,-0.0253522307125573
2024-07-12,0.0129663624748222,0.00628770493303943,0.00585758745040721,0.0088930081747618
2024-07-15,0.0166047192046097,0.00274629025884199,0.00268423221278535,0.00179488023033336
2024-07-16,0.00179025683753053,0.00591271220240586,0.000382918627574114,-0.00333572827116679
2024-07-17,-0.0256214754000785,-0.0141203511756318,-0.0297943687051161,-0.039673184805225
2024-07-18,-0.0207486331283997,-0.00771466020314104,-0.00474380502370764,8.90705665943514e-05
2024-07-19,0.000579844422717635,-0.00666256132678988,-0.00890312230334445,-0.0157666704052293
2024-07-22,-0.00156155815974923,0.0102571818602852,0.0147879410158289,0.0234029490238674
2024-07-23,0.00467737807177393,-0.00157007663194442,-0.00353095573406659,-0.00398831904558428
2024-07-24,-0.029175838416398,-0.0229231637490379,-0.0365294006067005,-0.0422662849228681
2024-07-25,-0.00481618875576739,-0.00522393004992594,-0.0110888769995361,-0.0107580536948202
2024-07-26,0.00215882325185657,0.0111374173897163,0.010203712114496,0.01260931105152
2024-07-29,0.00128375751706944,0.000587514592188754,0.00200662394077256,-0.00444861666665108
2024-07-30,0.00256279269725468,-0.00507931949317353,-0.0138265000367843,-0.0254465085281268
2024-07-31,0.0148794406026083,0.0161240386014478,0.0291642465834547,0.0414792379020108
2024-08-01,-0.0168925354504763,-0.0142622067683895,-0.0245196482808216,-0.0380074440792217
2024-08-02,0.00684577846597723,-0.0187938751106538,-0.024021107012663,-0.0285074692893517
2024-08-05,-0.0493656276756766,-0.0295562058460606,-0.0302696575126822,-0.0338813078164675
2024-08-06,-0.00979606699141833,0.00917730627695246,0.00950964978117774,0.0135011949292441
2024-08-07,0.0124208433515944,-0.00670648264242146,-0.0108888269930389,-0.0163349475626893
2024-08-08,0.0164964156513001,0.0228540851550738,0.0301324328487382,0.0366663247085963
2024-08-09,0.0136425133757232,0.00440011614738811,0.0052087176463127,0.00448406484867103
2024-08-12,0.00710471933594636,0.000525149929127444,0.00215127231797663,0.00813682940292537
2024-08-13,0.017046880838639,0.0163118487423404,0.0245099137655735,0.0302641490436804
2024-08-14,0.00203154178951781,0.00314992933444369,0.000324269833333446,0.00546063443257783
2024-08-15,0.0134399971718127,0.0169949277203321,0.0249493169952952,0.0283583396210139
2024-08-16,0.00590097632362774,0.00223948413285147,0.00128482283156117,0.00167249406844316
2024-08-19,-0.000708210335991666,0.00951589834943167,0.0130505996365953,0.0163516462301692
2024-08-20,0.00274092277631777,-0.00162716054769252,-0.00210080661179202,-0.00351650889723043
2024-08-21,-0.000485601273015668,0.0034302336888361,0.00465326255128939,0.00586889949369329
2024-08-22,-0.00829404157272595,-0.00787925310182036,-0.0159818544039689,-0.0232762256632615
2024-08-23,0.0102355760500483,0.0105693343958269,0.0107871527019325,0.0160688905664292
2024-08-26,0.00149777293792841,-0.00238676531934257,-0.00975588899195667,-0.0126263549291776
2024-08-27,0.00373451215447229,0.00137235170838235,0.00298297000282233,0.0060408756703465
2024-08-28,-0.00677639308609734,-0.00582210075337564,-0.011412364211723,-0.0138944950041626
2024-08-29,0.0144650091959049,8.9301201373182e-05,-0.00146493561839645,-0.00906470379035618
2024-08-30,-0.00344378195625339,0.00950068691960571,0.0118488503521288,0.0132035029496507
2024-09-03,-0.0275822097052645,-0.0207936171316074,-0.0308312591444446,-0.047019374882824
2024-09-04,-0.00865602311670255,-0.00204881529590484,-0.00260188645376136,-0.00257233879781893
2024-09-05,0.00690387394277181,-0.00243525681963419,0.000933175754922466,-0.00152716842016698
2024-09-06,-0.00703973800812641,-0.0169733275867792,-0.0271525943574193,-0.0262798928275929
2024-09-09,0.000407606481688916,0.0111340394079482,0.0127775327984363,0.0162463776005275
2024-09-10,-0.00362817622778877,0.00434622811525287,0.0091994794126915,0.0148462373495342
2024-09-11,0.0115186320093112,0.0102065847286541,0.0214828074568212,0.0335624530584937
2024-09-12,0.000493824918845753,0.00838818230820326,0.00976836033182593,0.00824023990380685
2024-09-13,-0.00121268333438884,0.00520908006513476,0.00446986367609625,0.00500263374455034
2024-09-16,-0.0281682669571426,0.00147572627468673,-0.00442770247740665,-0.00381787877443074
2024-09-17,0.0021702511432462,0.000408428142247175,0.000528200188421479,-0.0019600807583009
2024-09-18,0.0178299240047437,-0.00297023242653438,-0.00433900276182708,-0.00916725202555213
2024-09-19,0.0363951382380208,0.0169205309104123,0.0249698920487829,0.029267715461299
2024-09-20,-0.00293179624477524,-0.00173009864805529,-0.00190517714036176,-0.00488620571932064
2024-09-23,-0.00760983488921951,0.00249578759656011,0.00264719693049997,-0.000184558723844042
2024-09-24,0.00396608643025331,0.00285729189029826,0.00481200651918812,0.0068207740069326
2024-09-25,-0.0044078636375966,-0.00220800964133794,0.00092663049384889,0.00285796868163768
2024-09-26,0.00506750923951405,0.00395674299638138,0.00748510033754357,0.0131572151314963
2024-09-27,0.00118580734129825,-0.00145134294279892,-0.00557259926422482,-0.00937388510258863
2024-09-30,0.0226143018724789,0.00399919035091756,0.00270819389410359,0.00292771828899774
2024-10-01,-0.029574555299396,-0.0089988655787332,-0.0140303501902661,-0.0246638214793169
2024-10-02,0.00251650270636006,0.000422203715783276,0.00141199679600668,0.00737302828140063
2024-10-03,-0.00490652855537022,-0.00182996064161145,-0.000747407240333509,0.00413766959411355
2024-10-04,0.00499479412311477,0.00904638248154122,0.0118280475191757,0.0110690179228818
2024-10-07,-0.0227885069806595,-0.00908170602601466,-0.01076951846371,-0.00690374760881252
2024-10-08,0.0182367237478003,0.00941332710995901,0.0148242302648933,0.018510003027072
2024-10-09,0.0165604520188491,0.00690249639039564,0.00783753144007981,0.0111260545206084
2024-10-10,-0.00218063458729567,-0.00175156979832458,-0.0011360678676402,-0.000260308695736455
2024-10-11,-0.00652662822576744,0.00597026802369172,0.00156172178160485,0.00173444671509326
2024-10-14,0.0163455597339466,0.00814508642829459,0.00835659831349034,0.012956822366009
2024-10-15,0.010964286559374,-0.00780005121134764,-0.0134569938170959,-0.0222281180814603
2024-10-16,-0.00889116451536065,0.00433699609816696,0.000122266525431236,0.00310005969673899
2024-10-17,0.00159499156422704,8.58937488441569e-05,0.000692352461696188,0.00304686168462709
2024-10-18,0.0122017916120578,0.0038391693187716,0.00653334164802022,0.00355756644546368
2024-10-21,0.00627808206305058,-0.00164363004137424,0.00191941731556344,0.00466625059462977
2024-10-22,-0.00262508304653331,-0.000531214069337871,0.00108922399451217,-0.00103494624672251
2024-10-23,-0.0218603403621707,-0.00917936756059223,-0.0154423464084452,-0.0144295934208127
2024-10-24,-0.000823669318406495,0.00216046687405136,0.00807613484607916,0.00292877364165012
2024-10-25,0.00363662137086695,-0.000345572032432351,0.00607501560844703,0.00518072112432044
2024-10-28,0.00856277414376994,0.00308666154873372,0.000161568398691969,-0.000303971008595028
2024-10-29,0.00115601663264364,0.00161707146273304,0.00956248071882904,0.0133757630657421
2024-10-30,-0.015395825994589,-0.00302968698640971,-0.00758629851886905,-0.0160288496639485
2024-10-31,-0.0183773166884595,-0.0197979922261045,-0.0255667714562398,-0.0326242888694654
2024-11-01,-0.0133686572796181,0.00421170710252383,0.00737168046037251,0.00748633307459379
2024-11-04,-0.00404560098054052,-0.002156324883412,-0.00291740506997673,-0.000759579969807689
2024-11-05,0.00646525264336173,0.0120194009335322,0.0126762156572031,0.013980672254327
2024-11-06,-0.00327240873720136,0.0245614753482943,0.0268008596171514,0.0280740875143159
2024-11-07,0.0211469822459689,0.00770232197738885,0.0156215202930996,0.0172913094828049
2024-11-08,-0.00118891403738797,0.00432235678554349,0.00116791295065255,-0.00109570155881578
2024-11-11,-0.0121015306003551,0.000952536053360653,-0.000583785972753326,-0.00553894492842755
2024-11-12,0,-0.00311137910192727,-0.00181158116931091,0.00127101088722803
2024-11-13,0.00396129580401805,0.000485859358544616,-0.00128757393761969,-0.00347835854704392
2024-11-14,0.013676558918351,-0.006450968617016,-0.00697401669963327,-0.00340530548394113
2024-11-15,-0.0142097050383141,-0.0128914837095593,-0.0241142922981119,-0.0251285537761508
2024-11-18,0.0133328228985796,0.0040890386026069,0.00692354269037043,0.00323027693804701
2024-11-19,0.00113976324815024,0.003648809581418,0.00685624158311882,0.00816016204412051
2024-11-20,0.00314899342773511,0.00033877034917662,-0.000576222087941503,-0.000864997916107946
2024-11-21,-0.0020982267711096,0.00535388956787752,0.00359073876378524,0.0101160156683404
2024-11-22,0.00589018625561355,0.00309460123196104,0.00160276784682623,0.000513970828651011
2024-11-25,0.0129663935258675,0.00338646945298482,0.00158044734197471,-4.27658157855504e-05
2024-11-26,0.00936045669754471,0.00520790024177042,0.00535487746066199,0.00499622136491684
2024-11-27,-0.000553314623702228,-0.00303479211235658,-0.00790463630102867,-0.0136384142877448
2024-11-29,0.0101640336431998,0.00619283513675839,0.00874852338435339,0.00924120968632192
2024-12-02,0.00947753550522101,0.00179092963938476,0.0108289466149269,0.00945333466813381
2024-12-03,0.0126909906250248,0.000463631549363797,0.00306171583842474,0.00359612886784344
2024-12-04,0.00148258352604635,0.00619020854056362,0.0122868688911373,0.0181202255334281
2024-12-05,0.000123386227983246,-0.00164699286183456,-0.00277478512637419,-0.0050724134503719
2024-12-06,-0.000823326698669469,0.00189400271150664,0.00890985504140218,0.00386895711097424
2024-12-09,0.0159729782743279,-0.0051629783345879,-0.00781809295830271,-0.00654018838964809
2024-12-10,0.0041252736094668,-0.00311383399527365,-0.00341337043390855,-0.0139727096722257
2024-12-11,-0.00517955242128121,0.00770080541538398,0.0177440083495197,0.0143905883805582
2024-12-12,0.00594609080895392,-0.00516585772829448,-0.00647464349572324,-0.00561382380549169
2024-12-13,0.000685368730994895,-0.000198637893103815,0.00762505076032571,0.00427608709136873
2024-12-16,0.0116594403640011,0.00426106826236072,0.0142982519063333,0.00994826842811403
2024-12-17,0.00967252958318632,-0.00412881041296576,-0.00441364339923744,-0.00606541955726048
2024-12-18,-0.021654426962141,-0.0302565075632968,-0.0367437838012519,-0.0327841996360014
2024-12-19,0.00699016021949372,-0.000307199930328572,-0.00446313278257193,0.00107580015250086
2024-12-20,0.0186410380649766,0.0119393489022634,0.00869461440302022,0.0148151023627179
2024-12-23,0.00306027867553915,0.0059705601704847,0.00969546517349684,0.0105396646479701
2024-12-24,0.0114126678169297,0.0110537789329452,0.0134686481199413,0.0102800147384237
2024-12-26,0.00317077996648951,6.64863345534172e-05,-0.000679567644726653,0.000665008094351549
2024-12-27,-0.0133307440160788,-0.010582276265712,-0.0133821959071918,-0.0133842073341972
2024-12-30,-0.0133522123853025,-0.011477408026578,-0.0133891645875499,-0.0127979870541486
2024-12-31,-0.0070828777982257,-0.00364455857063017,-0.00853106582321939,-0.00835132335090183
2025-01-02,-0.0265861406807719,-0.00246004175558578,-0.0019579311546094,-0.00236815295687887
2025-01-03,-0.00201143603612941,0.0124258825218373,0.0162327110463591,0.0161637465139819
2025-01-06,0.00671633873742916,0.00574419075867105,0.0114273766988831,0.0126451387203534
2025-01-07,-0.0114530227233152,-0.0113684205650086,-0.0180053954962895,-0.0202667859716055
2025-01-08,0.00202084987482021,0.00145983981180642,0.000174601820575049,-0.000342079277493745
2025-01-10,-0.0243990578955362,-0.0153852821233693,-0.0158052366954049,-0.0220473351561949
2025-01-13,-0.0103978810432199,0.00154938398940452,-0.00321889198081937,-0.00710612616234307
2025-01-14,-0.00478970800154332,0.00137489789288026,-0.000949990041609894,0.00263774999569755
2025-01-15,0.0194847941642431,0.0180265714183161,0.0227456997300131,0.0196941621656173
2025-01-16,-0.0412388845148604,-0.00192495343106458,-0.00703074158262762,-0.00773574635751118
2025-01-17,0.00750703260703034,0.00998983628113947,0.0167377861650424,0.0155401870146843
2025-01-21,-0.0324362642474716,0.00911194418813643,0.00584767541727871,0.00829503476795335
2025-01-22,0.00533065221322904,0.00560569351005125,0.0127049798542194,0.0223277869389849
2025-01-23,-0.0007595976846968,0.00544321731600039,0.00212351808452738,0.00177983343157795
2025-01-24,-0.00394236093307221,-0.00292363643510818,-0.00566719369268487,-0.0104756372935659
2025-01-27,0.0312856272244977,-0.0142462532403487,-0.0295467547116326,-0.0502600676989786
2025-01-28,0.0358920107426428,0.00855561147328299,0.0146717669336756,0.0263235472312431
2025-01-29,0.00460623128558968,-0.00449304578862275,-0.00187964725626255,-0.00816550506763125
2025-01-30,-0.00742219724427251,0.00535283396376318,0.00425316889257132,0.00185374711180586
2025-01-31,-0.00671466230445361,-0.00533612289585683,-0.00145397570962036,-0.00587494725592475
2025-02-03,-0.0344423844026363,-0.0067524021042269,-0.00803552892563264,-0.0135658435914499
2025-02-04,0.0207903122429247,0.0066860719607158,0.0122006302453421,0.0143020939826259
2025-02-05,-0.00141846103939169,0.00404622562169088,0.00452767715705971,0.0138017007166384
2025-02-06,0.00322097184311687,0.00346960314946365,0.00520612151960798,0.00272916004661727
2025-02-07,-0.024260789783396,-0.00919566382996972,-0.0126934761851789,-0.00859631995325039
2025-02-10,0.00118676554899277,0.00676826779737194,0.0120322681481033,0.0144980476682557
2025-02-11,0.0215968744752235,0.000760046932137826,-0.002383416465916,0.000465499833468996
2025-02-12,0.0181052265319801,-0.00322647977717327,0.000587017431667114,-0.00216035216070232
2025-02-13,0.0194822340855154,0.0105021590649841,0.0142831300068647,0.014063968328287
2025-02-14,0.0126304982291483,-4.92799978601965e-05,0.00419003182172162,0.00338111523215545
2025-02-18,-0.000531458143073316,0.00293149481355393,0.00226437199110752,0.00908478103128552
2025-02-19,0.00163465799214002,0.00235215059988469,0.00027801352619683,8.25587518953341e-05
2025-02-20,0.00391291086136913,-0.00416882144294473,-0.00425365003005673,-0.00318449449361591
2025-02-21,-0.00113959115093554,-0.0172519674813447,-0.0209730614104862,-0.0274646057555952
2025-02-24,0.00629240686130128,-0.00456110238742369,-0.0118745408070833,-0.014409057965981
2025-02-25,-0.000242838577854343,-0.00498548641852814,-0.0126793301648673,-0.0130431124238521
2025-02-26,-0.0274125152861773,0.000504670194333201,0.00241291038754543,0.0108377990331006
2025-02-27,-0.01281255756696,-0.0160905684280852,-0.0281641867367233,-0.0370862748227223
2025-02-28,0.0189511505878261,0.0154849754167419,0.0156679486517213,0.0131217120815021
2025-03-03,-0.0158797152160819,-0.0176752689480493,-0.0221254467677712,-0.0308894882361574
2025-03-04,-0.00886148340899773,-0.0119073738783824,-0.003022257820394,-0.000777643179146636
2025-03-05,-0.000805601194702632,0.0106903845075834,0.0129517214428496,0.0139525659249742
2025-03-06,-0.00174075090208614,-0.0179105981683376,-0.0278947565539571,-0.0281489323590307
2025-03-07,0.0157675940686861,0.00558923691864077,0.00732652459170691,0.014379354283836
2025-03-10,-0.0496940807673072,-0.0269966643227288,-0.0395273489545538,-0.0434393459514641
2025-03-11,-0.0296238769413977,-0.00834763501588842,-0.00239334883916698,-0.00407046367402764
2025-03-12,-0.0176332380219595,0.0052924581581042,0.0112176247145221,0.0156163992238056
2025-03-13,-0.0342226110972144,-0.0134201967666367,-0.0181541168114405,-0.0191734920417881
2025-03-14,0.0180075238410327,0.020445465861842,0.0238829496538102,0.0297934274917386
2025-03-17,0.0023859471927512,0.00768164694515683,0.00646274111007994,0.00694048914951484
2025-03-18,-0.00614042878160248,-0.0108672144807622,-0.0171943883700756,-0.0153424662679189
2025-03-19,0.0119181085268796,0.0108319678346902,0.0132926943464104,0.0129257282771915
2025-03-20,-0.00531060938036898,-0.00289588797912987,-0.00339536132114304,-0.00714464739893295
2025-03-21,0.0192896709758994,0.000329837552235368,0.00329127286325104,0.00271434449259633
2025-03-24,0.0112074763950751,0.0177500199339757,0.0217071203892001,0.0187615760894309
2025-03-25,0.0135891347375985,0.0024009369755893,0.00569030369136225,0.00330298307493759
2025-03-26,-0.00997136985446989,-0.0120100612304119,-0.0185720704216408,-0.0225562855223043
2025-03-27,0.0104182291422559,-0.00265926860372367,-0.00571428728034551,-0.00927077115145991
2025-03-28,-0.026939980585353,-0.0203438616539282,-0.0266805388565423,-0.0245531371573788
2025-03-31,0.0192265117709978,0.00669025945889334,-4.26838645166683e-05,0.000484381100983811
2025-04-01,0.00476066573904799,0.00282068247855616,0.00802882028209773,0.00728645724547405
2025-04-02,0.00313144975075463,0.00630835799763751,0.00727189388031135,0.00737689393339647
2025-04-03,-0.0970133458280049,-0.0505366446453115,-0.0550197351543043,-0.0706885220337776
2025-04-04,-0.0756803968696129,-0.0603264804869177,-0.0641213545005899,-0.0681407679644916
2025-04-07,-0.0374258098222366,-0.00178277665475246,0.00241033421670522,0.00595909183752674
2025-04-08,-0.0511019023128449,-0.0157867112954264,-0.018172696406376,-0.0205410405830415
2025-04-09,0.14261734088755,0.0998627586406178,0.113356201471507,0.125977838788127
2025-04-10,-0.0433185196464319,-0.0448080059309897,-0.0434632627506364,-0.0476699961229254
2025-04-11,0.0397919713881087,0.0176853460511923,0.018255531986294,0.0202697239491334
2025-04-14,0.0218145145310942,0.00965475064745114,0.0067552320074391,0.00908384916668759
2025-04-15,-0.00187823876881765,-0.00280483711870616,0.00111412015825696,0.00364046489328729
2025-04-16,-0.0397116351517113,-0.0224786122615326,-0.0306174076637555,-0.035363419214729
2025-04-17,0.0138532696173632,0.00142570031794254,-0.000180057825659219,-0.00542957345617534
2025-04-21,-0.0195832530643623,-0.024090568657221,-0.0250581536486205,-0.0261611368301553
2025-04-22,0.0334976803903118,0.0256850562890119,0.0259135023227026,0.0240849714496498
2025-04-23,0.0240404150204672,0.0153766513231544,0.0224247547567495,0.0285806235526591
2025-04-24,0.0182583175308126,0.0208304449398948,0.0277485231397696,0.036636351233855
2025-04-25,0.00435778268527898,0.00719933380552895,0.0110863208890111,0.0146897713306418
2025-04-28,0.00410087650860547,0.000381087736435859,-0.000317460423258531,-0.00163224397819572
2025-04-29,0.00507900806703176,0.00627974368384088,0.00658265471362007,0.00464976498586367
2025-04-30,0.00608904362577523,0.000396862990300839,-0.000126217747215662,0.00415199711518177
2025-05-01,0.00385139715794658,0.00706187423718774,0.0129762214003986,0.0145621546165327
2025-05-02,-0.0380775532470601,0.0147350406147231,0.0147347478254876,0.016571754845395
2025-05-05,-0.0319638950453811,-0.00575082916236802,-0.00595009757739806,-0.005323302701151
2025-05-06,-0.00191255194760043,-0.00839356403921521,-0.00934521316150505,-0.00834251395747021
2025-05-07,-0.0114501261773032,0.00419681980906983,0.00391811976810796,0.00996569169943839
2025-05-08,0.00629876060901324,0.00694349035419961,0.0102719741872219,0.00950001180498905
2025-05-09,0.00525213372254552,-0.00127492432610321,-0.000655513155888521,-0.00123988315357071
2025-05-12,0.0612326272482591,0.0325132130028782,0.0399321262196288,0.0453703520054392
2025-05-13,0.0101011343660851,0.00658225632971465,0.0151258961763974,0.0213772430550483
2025-05-14,-0.00282184335677993,0.00127716112186427,0.00597508269070612,0.00647043715976903
2025-05-15,-0.00415315608467992,0.00487229088934438,0.00109837662144763,0.00136579482498789
2025-05-16,-0.000898892767042803,0.0063140688401635,0.0043431021547482,0.00187491905720272
2025-05-19,-0.0118084971543828,0.001093326021536,0.000958225707273108,-0.00144851910200394
2025-05-20,-0.00923883724443098,-0.00336781841560185,-0.00333875571765319,-0.00375894253586662
2025-05-21,-0.023329083283727,-0.0169944712019046,-0.0139942950639149,-0.018965798362621
2025-05-22,-0.00361885499232262,0.000394736400203044,0.00186954744409729,0.000261509825747019
2025-05-23,-0.0307110919924716,-0.00684925393601343,-0.00930385119776922,-0.0110928506613011
2025-05-27,0.0249836254292495,0.0205774033955954,0.0232528120451549,0.0234863058100192
2025-05-28,0.00104839756611153,-0.00580214759666475,-0.00444195127304514,-0.00414283400271209
2025-05-29,-0.00234792368794068,0.00393967156929609,0.00196385711385538,0.00168510302732638
2025-05-30,0.00449112458610124,-0.00111902690981314,-0.00157832297898874,-0.00311318580360087
2025-06-02,0.0042231093423295,0.00561711513278595,0.00786717323744934,0.00879578517963608
2025-06-03,0.00775357608523386,0.00568625481542728,0.00778655146794449,0.0149128665314651
2025-06-04,-0.00221615624752403,-0.000268548487700748,0.00278400698315995,0.00147919247791428
2025-06-05,-0.0108565833424166,-0.0048444717916194,-0.00755549291949009,-0.00283336199307804
2025-06-06,0.0162653921432181,0.0102166626844538,0.00972784462706588,0.00939964934671522
2025-06-09,-0.0121865991835302,0.000900926125162904,0.00147106982872547,0.0048963660195076
2025-06-10,0.00603780235438744,0.00565370545046839,0.00659201543211907,0.00557874829639804
2025-06-11,-0.0193802913613279,-0.0028561522744015,-0.00337516018593575,-0.00220280848702537
2025-06-12,0.00211060354967429,0.00396650132781318,0.00234495107531085,0.00923581962474262
2025-06-13,-0.0139013101861583,-0.0112431289228789,-0.0126341624877426,-0.0141157075887781
2025-06-16,0.00997797724737115,0.00946916181067703,0.0138141171949,0.0160513914928595
2025-06-17,-0.0141097005142203,-0.00858168442641638,-0.00979909102584653,-0.00710219101714937
2025-06-18,0.00479311765805868,-0.000150828031675765,-0.000170138944506348,0.0012010698829128
2025-06-20,0.0222355244263399,-0.00235123624400035,-0.00409157688537043,-0.00443858665103836
2025-06-23,0.0024845197021337,0.00982902224764359,0.0102299079481583,0.0113372187664744
2025-06-24,-0.00597314323565712,0.0109866115896633,0.0151763313518627,0.0177920137965284
2025-06-25,0.00627077079926242,0.000560227464964314,0.00255315897904218,0.00849794186395592
2025-06-26,-0.002782147265739,0.00779336243484696,0.0093068785917314,0.00687428655705169
2025-06-27,0.000398032751856903,0.00495602090814629,0.00341776864510557,-0.00119559055458751
2025-06-30,0.0201359138567181,0.00476968591188065,0.00645610607685221,0.00976192700883516
2025-07-01,0.0128335596714217,-0.000323566777580275,-0.00846509050314026,-0.00896474857945861
2025-07-02,0.0219873446360044,0.00452312074121242,0.0069411525544707,0.0105036895102568
2025-07-03,0.00521125247560494,0.00785050346055272,0.00979206215504025,0.0130832569004991
2025-07-07,-0.0170015306188542,-0.0074800746902417,-0.00756129486099688,-0.00797057172261795
2025-07-08,0.000285650448161867,-0.000547785931243716,0.00056143982853829,0.00535986964282298
2025-07-09,0.00536630959288509,0.00597874769423434,0.00705399149660568,0.00599080421471498
2025-07-10,0.00599692026051724,0.00281628880829921,-0.00143930630104361,-0.00330214532903916
2025-07-11,-0.00590215843630393,-0.00352150309519939,-0.00225298165907262,-0.00440692140956056
2025-07-14,-0.0121018133151312,0.00190626688647733,0.00362039939001502,-0.000821147739038075
2025-07-15,0.00234607403557696,-0.0042824676465294,0.000916302544442971,0.00884035856507115
2025-07-16,0.00500872902939165,0.00333769740190082,0.00102331738801986,0.00309711055483675
2025-07-17,-0.000666387685738457,0.00610098893813493,0.00806020118577777,0.00904254765371793
2025-07-18,0.0055080781770549,-0.000732602889720546,-0.000961554288203992,-0.000651347160194327
2025-07-21,0.00613694243767426,0.0018943480812732,0.00517137724922367,0.0013023877791305
2025-07-22,0.00899557044767274,0.000143185187614137,-0.00518918848541539,-0.00930709339459135
2025-07-23,-0.00116671119318479,0.00847139441869249,0.0045508759228694,0.00570225599518626
2025-07-24,-0.00182280624389453,0.000331072177292668,0.00212605358596551,0.00421719456504555
2025-07-25,0.000561256032128199,0.00421544068455226,0.00240409736924363,0.00229253709692667
2025-07-28,0.000794555957921439,-0.000251100527845161,0.00312043498575143,0.00794580145215651
2025-07-29,-0.0130726395323855,-0.00264104930436293,-0.00155013491413669,3.81024912918804e-05
2025-07-30,-0.0105635408068983,-0.00126026043752159,0.00133885996729433,0.00223145677189862
2025-07-31,-0.00710484327333827,-0.00375821741395743,-0.00531325740815269,-0.00735671021672069
2025-08-01,-0.0253214482993362,-0.0165263257968356,-0.0198952770763086,-0.0218164589137064
2025-08-04,0.00478142628645006,0.0150856021415109,0.0182833851870328,0.0201024599570738
2025-08-05,-0.00211690003357035,-0.00508291979851005,-0.00681262681783856,-0.00830789365877926
2025-08-06,0.0496534726854954,0.00763057171342663,0.0125046466779244,0.011201065171381
2025-08-07,0.031298720623667,-0.000837987363320636,0.0033785653488394,0.000912044009192314
2025-08-08,0.0414854070920914,0.00776721341099318,0.00928509049252302,0.0099394335795866
2025-08-11,-0.00837248102563048,-0.00197936214050021,-0.00296329834581588,-0.00679202714164528
2025-08-12,0.0108138127355897,0.0105897113263138,0.0124902587009244,0.0153667743317234
2025-08-13,0.0158973585245166,0.00341738249765733,0.000499981459306298,0.000372807771710448
2025-08-14,-0.00235994978519471,9.29135523319857e-05,-0.000775553773245008,-0.00216387855440203
2025-08-15,-0.00512518078800461,-0.00234403872387556,-0.00440719387932198,-0.00761129779460834
2025-08-18,-0.00302720244040611,-0.000217544421213134,-0.000398536988864606,0.00214294982008223
2025-08-19,-0.00143025545512376,-0.00544006271185715,-0.0136605045694198,-0.0176177936993422
2025-08-20,-0.019931997437495,-0.00266052065692968,-0.00595485962149933,-0.00678846083370566
2025-08-21,-0.00492330374200733,-0.004019781603116,-0.00464050758959722,-0.00362401664286249
2025-08-22,0.0126366422295305,0.0152400132582677,0.0153095363067628,0.0134658520431001
2025-08-25,-0.00263783581083832,-0.0044107330324179,-0.00288882557553194,-0.00225093010382516
2025-08-26,0.00942006256073391,0.00417822779510146,0.00400719338108857,0.00457261861869718
2025-08-27,0.00513281977461411,0.0022759564506929,0.00153576981870174,0.00538426078229115
2025-08-28,0.00894069639110029,0.00353506840921725,0.00624033705109284,0.00787205976469263
2025-08-29,-0.00180763041214682,-0.00598149290703454,-0.011643085015967,-0.0154635674075401
2025-09-02,-0.0104794341212031,-0.00743784428499161,-0.00841527022025801,-0.0101487323813068
2025-09-03,0.0373823068150054,0.00540491274845323,0.00783654045299187,0.00594837216434208
2025-09-04,0.0054783080030596,0.00832268690687243,0.00901088339231482,0.00492388000387667
2025-09-05,-0.000375380535561298,-0.00290049126072223,0.00144180354264734,0.000837143142213392
2025-09-08,-0.00758003887134251,0.00245366039331785,0.00486606613333862,0.00746666104841687
2025-09-09,-0.014950642788353,0.00230912121475413,0.00282920905535189,0.00192386135049549
2025-09-10,-0.0327913324467985,0.00288663495329722,0.00032724068791623,0.0179651965276664
2025-09-11,0.0141853797252596,0.00827595011479243,0.00580353071603223,0.00336292837011865
2025-09-12,0.0174104799169195,-0.000334780281161073,0.00440746456790642,-0.000664116270338688
2025-09-15,0.0111732140853809,0.00530993448079986,0.00852056948388125,0.00896718051424283
2025-09-16,0.00610724551674835,-0.0013778336016097,-0.000845332430219337,-0.00348182441980871
2025-09-17,0.0035210063016855,-0.00124322955139,-0.00199805930480501,-0.00345714383271556
2025-09-18,-0.00465535031084219,0.00466152411229626,0.00897663215551869,0.0171313182873849
2025-09-19,0.031530576989609,0.00494073653065996,0.00674644897214449,0.0100895133023311
2025-09-22,0.0421928880313622,0.00471980082518275,0.00590261915419621,0.0146041154726015
2025-09-23,-0.00646412148734932,-0.00545824803539396,-0.00666441975509002,-0.00866989084189651
2025-09-24,-0.00836719956426268,-0.00318682957470795,-0.00351679187222143,-0.0061928388307475
2025-09-25,0.0179115522406974,-0.00462404936227578,-0.0043206122755004,-0.00176103578929521
2025-09-26,-0.00550417881832033,0.0057126855778904,0.00410252157953384,0.00301717944442537
2025-09-29,-0.00404017385811439,0.00280650486172007,0.00462038771836948,0.00532924658606238
2025-09-30,0.000785884730687414,0.00375975799906847,0.00273549173352894,0.00544296929942867
2025-10-01,0.0032150802216524,0.0034017796058663,0.00478545132320018,0.00974444681774322
2025-10-02,0.00655496282072754,0.00115106989047842,0.00410259313874395,0.00539616034104728
2025-10-03,0.00345540474570694,-1.48055159838734e-05,-0.00421856629890716,-0.00504486373655233
2025-10-06,-0.00516784590968022,0.00357985662668536,0.00748209378282194,0.0100644045203921
2025-10-07,-0.000818387970685563,-0.00371440375372067,-0.00527958300912701,-0.00669837151550556
2025-10-08,0.00614126095403034,0.00594534661906643,0.0113987289642692,0.0173851562372382
2025-10-09,-0.0157003753840756,-0.00290117907811194,-0.00121108735517961,-0.0016870642450062
2025-10-10,-0.0351320656306422,-0.0273998325389631,-0.0353310488534646,-0.0415472746558052
2025-10-13,0.00969721945094104,0.0152275876806565,0.0209992440232485,0.0240624589747522
2025-10-14,0.00044403222541245,-0.00122239310576155,-0.00668333012614042,-0.0129175115261289
2025-10-15,0.00631654034218965,0.00442970426678624,0.00703198698433205,0.00986190488779481
2025-10-16,-0.00760887460705195,-0.00683342934937059,-0.00370980344730221,0.00073858262506743
2025-10-17,0.0193706874286059,0.00566015621450067,0.00654540823288929,0.00175582052552414
2025-10-20,0.0386808198117441,0.0103467871677614,0.0125219213629322,0.0110956676112632
2025-10-21,0.00201899566787667,-1.49429904290344e-05,-0.000261478507155744,0.0005202670155251
2025-10-22,-0.0165766642464389,-0.00521247745343967,-0.00968069451499698,-0.009933375447293
2025-10-23,0.00436250354395717,0.00591244967741655,0.00837127215304978,0.0125311879977348
2025-10-24,0.0124044965047139,0.00813934021143758,0.0106216704083835,0.015412082242265
2025-10-27,0.0225354306923924,0.0117286146034017,0.0176524969725715,0.018293457576112
2025-10-28,0.000706454680676316,0.00265249504166931,0.00766059082087178,0.00985099246855103
2025-10-29,0.00259894385003534,0.000480255297647503,0.00449288266901426,0.00716075854421572
2025-10-30,0.00628356449994083,-0.0110591143403855,-0.015406729123483,-0.0123735887831344
2025-10-31,-0.00380237602307876,0.00327485389515036,0.00481233681091453,0.000964715577281616
2025-11-03,-0.00489420425752574,0.0018749809994727,0.00477339514353137,0.00408251014999728
2025-11-04,0.00367298204823285,-0.0119243608024746,-0.0205068316230248,-0.0267533527550814
2025-11-05,0.000370276393157454,0.00345948541413232,0.00648686398804887,0.0039046624098491
2025-11-06,-0.00137076480479692,-0.0107874293787704,-0.0188030362399427,-0.0203000977106527
2025-11-07,-0.0048306116605632,0.000984080712362889,-0.0031602806656954,-0.00346441150181676
2025-11-10,0.00453831102080304,0.0154838740552954,0.0218830161265933,0.025254460721019
2025-11-11,0.0213712659942269,0.00228656085395063,-0.00266714999257456,-0.00856352952787898
2025-11-12,-0.00648777000638656,0.000556235638634384,-0.000788642913085447,0.00310095313891434
2025-11-13,-0.00190328647843874,-0.0167332190959311,-0.020627233240619,-0.0252550411601185
2025-11-14,-0.00198037899971659,-0.00016356304453069,0.000755673905717735,0.00542860088967867
2025-11-17,-0.0183382278606627,-0.00936029173962982,-0.00857715628528233,-0.015775337589778
2025-11-18,-7.49426931880848e-05,-0.008432918992475,-0.0122505476552526,-0.0163866359474127
2025-11-19,0.0041792779132761,0.00385573373906478,0.00595242535257157,0.00692867349962434
2025-11-20,-0.00863868066060913,-0.0153595841098708,-0.0239565676301119,-0.0318945794258356
2025-11-21,0.0194894516619835,0.00991185305247644,0.00748465828450939,0.00385088127367883
2025-11-24,0.0161858652399367,0.014611339452439,0.0252517353581005,0.0235491395937659
2025-11-25,0.0037982279479154,0.00936187659870491,0.00614475081999455,0.00267774708906376
2025-11-26,0.00209180633818118,0.00687986180181444,0.00879693126233505,0.0117681885055774
2025-11-28,0.0046729316563292,0.00544359096669655,0.00807455952469294,0.00856137711746019
2025-12-01,0.0151261934881024,-0.00457592388986683,-0.00336468511200128,0.00045419492163834
2025-12-02,0.0108557055758105,0.0018505635218018,0.00779570693706777,0.0102493161121107
2025-12-03,-0.00715373788967177,0.00345676756910063,0.00244074423904639,0.00238224992993707
2025-12-04,-0.0122157070113209,0.000730872635502422,-0.00093062222464102,0.00371735565366649
2025-12-05,-0.0068635679052651,0.00189759318350902,0.00406906010802288,0.0072912134181129
2025-12-08,-0.00319743940960748,-0.00300873080032993,-0.00192024703409555,0.00700135584885508
2025-12-09,-0.00255833361371405,-0.00086349079512793,0.00123258562051642,0.00263822673774072
2025-12-10,0.00575577302332153,0.00661033874241834,0.00408726950608074,0.00478516816866481
2025-12-11,-0.00269388728688291,0.0023242428851189,-0.00323968854354373,-0.0051230295795559
2025-12-12,0.000898805661178947,-0.0108102968489865,-0.0193033258402711,-0.02935131241244
2025-12-15,-0.0150984674266059,-0.00151195097225454,-0.00503212588258251,-0.00972070281328463
2025-12-16,0.00182247681252079,-0.00273602464943501,0.00197984179031963,0.00182543823765879
2025-12-17,-0.0101381433756824,-0.0110645813229544,-0.0187109096039126,-0.0224871869126586
2025-12-18,0.00128661887616222,0.00752289464579281,0.0143862173791698,0.015306499744038
2025-12-19,0.00542287380769846,0.00902267915654331,0.0129510312565486,0.021389095772733
2025-12-22,-0.00991506252391172,0.00621047884157377,0.00478207738216785,0.00538079323097396
2025-12-23,0.00511662061138995,0.0045600793634355,0.00467238773651069,0.00542756090217011
2025-12-24,0.00530964504685638,0.00351150185076676,0.00292139051004447,0.00239522827667393
2025-12-26,-0.00149846507535578,-0.000101414807759603,-6.42278927447393e-05,0.00157081156613881
2025-12-29,0.00131594647804256,-0.00357001844677995,-0.00485233875034741,-0.00451430909217443
2025-12-30,-0.00248715714166536,-0.00122195990235774,-0.00232208096722442,-0.00315844764314299
2025-12-31,-0.00447751549367403,-0.00743643483778023,-0.00829996744363548,-0.00995245783886567
2026-01-02,-0.00313137287820808,0.00183131522019853,-0.00193890855863987,0.00228948961126907
2026-01-05,-0.0139337020774084,0.00663812591819202,0.00791148941985398,0.00221509079262638
2026-01-06,-0.0185045516142459,0.00592954375659982,0.00874821781681501,0.0139392231658606
2026-01-07,-0.00776749451799663,-0.00322861866579238,0.000962044442022858,-0.000818588995572966
2026-01-08,-0.00496757012594085,-0.000101532468519849,-0.00570524364881653,-0.0157515482645731
2026-01-09,0.00127311357290427,0.00659161051999213,0.00991095488475668,0.0131548678641185
2026-01-12,0.00338702756744524,0.00156920116027237,0.000829405642642556,0.00436949584527113
2026-01-13,0.00306934172450113,-0.00200150844773095,-0.00148393000446134,-0.002114118166884
2026-01-14,-0.00418428518077185,-0.00492737248888631,-0.0107403003496778,-0.0122262188541384
2026-01-15,-0.00675452636784435,0.00271959605191707,0.00359299808355118,0.00523857857148791
2026-01-16,-0.0104333459781101,-0.000838256427932116,-0.000836696903500744,0.00109922118133809
2026-01-20,-0.035166795246858,-0.0205668552557174,-0.0214760784039845,-0.0263007442880374
2026-01-21,0.0038434235156739,0.0114750186996169,0.0134278216147496,0.0137932128154112
2026-01-22,0.00282260293069569,0.00520966377808563,0.00724308738703527,0.00741293286045064
2026-01-23,-0.00124907908844474,0.000362669416469785,0.00315244655182223,0.00144841548133989
2026-01-26,0.0292801836273551,0.00506538103059206,0.00439045746266675,0.00680018819489092
2026-01-27,0.011135382712121,0.00397624960977794,0.00902444122984303,0.0133956349072717
2026-01-28,-0.00711087081755757,-0.000100669647343565,0.00330605974747478,0.00793863797121919
2026-01-29,0.00714961406022852,-0.00198634863972469,-0.00600325711732985,-0.0159409067128209
2026-01-30,0.00463549504614846,-0.00298694057439874,-0.0120835548194647,-0.0205680940582971
2026-02-02,0.039779316982127,0.00495890700860002,0.0068429323823862,0.00954543160736154
2026-02-03,-0.0019648308518363,-0.00849133546493253,-0.015483245050838,-0.0221348785790569
2026-02-04,0.0256802392052213,-0.00485562320726451,-0.0176234025449107,-0.0282674534890139
2026-02-05,-0.00209983455642249,-0.0125679306812563,-0.0144999009629112,-0.0181921834873942
2026-02-06,0.00797798320525089,0.019003078798157,0.0209175553454877,0.0397507905150185
2026-02-09,-0.0117290444563869,0.00481013942455544,0.0076309390187479,0.0156078278889575
2026-02-10,-0.00342888932621221,-0.00264054093242283,-0.00465013048691088,-0.00559634130298914
2026-02-11,0.00662814159175795,-0.00023114885650255,0.00267852463182727,0.0029419812323912
2026-02-12,-0.0512740092785959,-0.0155694367953831,-0.0205485919210968,-0.0266512044363862
2026-02-13,-0.0229958801805719,0.000704251060116512,0.00212878069314293,0.00251094051926426
2026-02-17,0.031176814356459,0.00161218275377539,-0.00103065445709749,-0.000573379926932738
2026-02-18,0.00177958316711457,0.00502506075800557,0.00743942737276981,0.0102002072211
2026-02-19,-0.0143642652396458,-0.00264082824296796,-0.00383702800079977,-0.00498012639261525
2026-02-20,0.0152338051804435,0.00720582486152654,0.00880995737807932,0.0047672344435945
2026-02-23,0.00602906239229117,-0.0102638596973534,-0.0122294359375665,-0.0168937516453891
2026-02-24,0.0221440517351654,0.00724218720970793,0.0106842149453881,0.0129108089007843
2026-02-25,0.00765051619637269,0.00840290281812273,0.0143892061716588,0.0189888970734531
2026-02-26,-0.00467861746699594,-0.00556992887274443,-0.0121379912336783,-0.0140837135462837
2026-02-27,-0.0326580041809477,-0.00481350721878915,-0.00320588884679118,-0.0160850442127662
2026-03-02,0.00204195174556876,0.000568361438081588,0.00131652903003587,0.00560549911347152
2026-03-03,-0.0036708239046801,-0.00885332620446455,-0.0107633106296419,-0.014727338641813
2026-03-04,-0.00467454965559888,0.00703058338574269,0.0151281458914152,0.0168749522887879
2026-03-05,-0.00853082084024948,-0.00559127256432923,-0.00301738280036012,0.00242839217349466
2026-03-06,-0.0109321152996182,-0.0131937863827725,-0.0151574814026381,-0.0208317736314712
2026-03-09,0.00935570106853234,0.00872181566831909,0.0132671971453657,0.0178311499023822
2026-03-10,0.00364885096982448,-0.00160830821106295,1.65086849275298e-05,0
2026-03-11,-7.67758863613466e-05,-0.00125592288975174,-0.000131674410446259,0.00478243870341366
2026-03-12,-0.0195525963422245,-0.0153014384597334,-0.017312295522057,-0.0186154915385677
2026-03-13,-0.0222986663815119,-0.00567621502358762,-0.00594483195084283,-0.00757350565389991
2026-03-16,0.0107370315652435,0.0101254293942628,0.0111550227168342,0.0143699623264419
2026-03-17,0.0055615265961011,0.00262709116327109,0.0048683691413105,0.00546121407123135
2026-03-18,-0.0170184433116081,-0.0140519118083997,-0.0140377489975823,-0.0113874969985357
2026-03-19,-0.00392859455861494,-0.00246742262838584,-0.00316526464924838,0.00340099129913973
2026-03-20,-0.00390389944010749,-0.0144394450953866,-0.0186546281476403,-0.0229440796522802
2026-03-23,0.0140148415121741,0.0104452491781899,0.0114135876008419,0.0134378070505106
2026-03-24,0.000596213406394597,-0.00336246121914563,-0.00686027694304769,-0.0058587485673085
2026-03-25,0.00388689659368424,0.00555721826322486,0.0065540954417509,0.00447041876310816
2026-03-26,0.00106827666620468,-0.0180201214870248,-0.0241573889130313,-0.0316449355485924
2026-03-27,-0.0163052652877136,-0.0171989518433753,-0.0197300194486862,-0.0196637097842469
2026-03-30,-0.00876013626829852,-0.00334899230716523,-0.00767273214251851,-0.018802542784238
2026-03-31,0.0286178631770149,0.028653407820693,0.0332934747441378,0.0414805523003663
2026-04-01,0.00722396755448429,0.00750624890313389,0.0122775210759132,0.0150109836225916
2026-04-02,0.00113383399436806,0.000900054360863045,0.00114597070108946,0.00797351070952068
2026-04-06,0.0114223250901935,0.00471570863127635,0.00599933349150206,0.00579235462866112
2026-04-07,-0.0209234218465593,0.000439903792764262,0.000152925573975615,0.00474082690805222
2026-04-08,0.0210780062212681,0.0251506896201796,0.0292986165485729,0.030527001740273
2026-04-09,0.00612255027091368,0.0057524406415812,0.00674192810264351,0.00267831903108995
2026-04-10,-3.82612626941281e-05,-0.000661994496571339,0.00144112545179631,0.00386376323881166
2026-04-13,-0.00492608008275575,0.00972500571340618,0.010289374610303,0.0207481424831464
2026-04-14,-0.00142865867796171,0.0121112391703644,0.0179941094430909,0.0158749691746021
2026-04-15,0.0289401677402434,0.00785999834951223,0.0139023813809587,0.0158265349897437
2026-04-16,-0.0114378518835077,0.00245433330538791,0.00480481628856744,0.0113788270075101
2026-04-17,0.0255998022707322,0.01201323734188,0.0129992647527288,0.0152106568153343
2026-04-20,0.0103813512370392,-0.00200173725489616,-0.00317989943899377,0.00135950386444872
2026-04-21,-0.0255195863875244,-0.0065684177504437,-0.00381061229794266,0.000840789917766926
2026-04-22,0.0259591762830951,0.0100757805039517,0.0165921773583237,0.0217413745668766
2026-04-23,0.000951167421849419,-0.00388829048163419,-0.00564860299592063,-0.0143346136674616
2026-04-24,-0.00870547007405076,0.00771943756437654,0.0189468573480598,0.0277180477674506
2026-04-27,-0.0128094781929571,0.00172130554080763,0.000527055108413776,0.00218208684478416
2026-04-28,0.0115174584573214,-0.00487786975366067,-0.0101076702269598,-0.0170847092174888
2026-04-29,-0.00199672426413677,-0.000154521262781593,0.00609495624219036,0.0079504738141738
2026-04-30,0.0043581821011518,0.00990046181523763,0.00928305001477447,0.00244817366908823
2026-05-01,0.0318799073724367,0.00276526841101976,0.00955383909471053,0.0147495895259073
2026-05-04,-0.0118858935850312,-0.00367011880103973,-0.00188564504338729,0.00111143932159852
2026-05-05,0.0262042669434219,0.00799022171152686,0.0128906114414482,0.0218514124432652
2026-05-06,0.0116497956253481,0.0138036888988706,0.0205615200524756,0.0262185095193086
2026-05-07,-0.000243534117249311,-0.00307079247985786,-0.0011936533232646,-0.00200158583736609
2026-05-08,0.0202500618009838,0.00822220187546474,0.0231703225493156,0.0337797653394833
2026-05-11,-0.00126341087008441,0.00227497332709614,0.00289220529179079,0.0133561029608984
2026-05-12,0.00721726734554373,-0.00151610131559643,-0.00851796588522635,-0.0151809606496087
2026-05-13,0.0137115529290126,0.00557924484258887,0.0105068698110209,0.00937377006085072
2026-05-14,-0.00221073497193292,0.00786331782756999,0.00708252140824239,0.0148732432858951
2026-05-15,0.00675098013672581,-0.0121022818340286,-0.0152026334230975,-0.018215051270797
2026-05-18,-0.00799251634912235,-0.000703756896534458,-0.00431159631466116,-0.0108380413536624
2026-05-19,0.00378681127657199,-0.00668307013558334,-0.00618148611153568,-0.00644421958118713
2026-05-20,0.0109113138694097,0.010196829759483,0.0164281040538752,0.0222624641047053
2026-05-21,0.00902440391291215,0.00198112397838024,0.00190514930123253,0.00820832186258436
2026-05-22,0.0124796640984242,0.00392384073494245,0.00423170010470653,0.00997244330179647
2026-05-26,-0.00158799598535442,0.00661670261476655,0.0175994087028348,0.0259911840796763
2026-05-27,0.00813992117752882,-0.00017325717290273,-0.00113721405892164,-0.00384237876489557
2026-05-28,0.00532598695555464,0.00550141801200965,0.00839558454064449,0.0130362312274812
2026-05-29,-0.00144100199644281,0.00248830639968656,0.00367730628824781,0.0220720064708191
2026-06-01,-0.0185978511224496,0.00271941250467034,0.00598230597106664,0.024511230469785
2026-06-02,0.028609745520348,0.00135701863086091,0.0045939404787898,0.0124377346660705
2026-06-03,-0.0157967574548854,-0.00704191853128311,-0.00261674163579073,-0.0100397315167768
2026-06-04,0.00312157519877232,0.00377156446289195,-0.00484911067158311,-0.0157167852137841
2026-06-05,-0.0125775933554415,-0.0261482770861869,-0.0491912813665216,-0.0689485166945643
2026-06-08,-0.0190518854697883,0.00226161323248864,0.0154950376051728,0.021291423544838
2026-06-09,-0.0371271011267185,-0.00293976743584778,-0.0115739791782392,-0.0186879841586798
2026-06-10,0.00353873682807837,-0.0158911608230721,-0.0201787379107117,-0.0231683625944221
2026-06-11,0.0137942577346211,0.0168540176385594,0.033217953298081,0.0365758598975372
2026-06-12,-0.0153386718908379,0.00539367584476658,0.00586743842175785,0.00864111170361426
2026-06-15,0.0180074275442887,0.0174802954106861,0.0309304503252719,0.0371268591055687
2026-06-16,0.00946854559821908,-0.00597940390240481,-0.0191883460283915,-0.0282915498060019
2026-06-17,-0.0110554240537653,-0.0125664996342421,-0.0101214570291397,-0.00343863794508703
2026-06-18,0.00693653079455991,0.0103433154483277,0.0247564521932659,0.0299036304144993
2026-06-22,-0.00336115617565724,-0.0031519418478263,-0.00251326244091477,0.00489349572583109
2026-06-23,-0.00916628102020312,-0.0146284296648878,-0.0334834078836872,-0.0423084384606875
2026-06-24,-0.00415409703273184,-0.000463624520883776,-0.00425485873687048,-0.0062084905478752
2026-06-25,-0.0631291052885237,0.0014445913008192,0.00807293769917106,0.00826947876384398
2026-06-26,0.0308828692129701,-0.00725764673618112,-0.0138592213166708,-0.0189242501553011
2026-06-29,-0.00721461757134723,0.0163406241987412,0.024550369189523,0.0234650240146692
2026-06-30,0.0266869279465594,0.00775664032092838,0.0168715753911206,0.0271875894967479
2026-07-01,0.0171999022377518,-0.00135341989772098,-0.0153673959523468,-0.0260556514960975
2026-07-02,0.0472716343082329,-0.00131493362710255,-0.0174858676486451,-0.0274722986761562
2026-07-06,0.0129732635608217,0.00868954540011302,0.0142400197284624,0.0163668578556679
2026-07-07,-0.00641731775229193,-0.00476322584126798,-0.0186984182598602,-0.0242052597482232
2026-07-08,0.00874939812139175,-0.00309421185291114,0.00282926814323048,0.0123136577411991
2026-07-09,0.00898970086195039,0.00842962070650088,0.0165053744116639,0.0215414584921056
2026-07-10,-0.00285010144579712,0.0043008975551766,0.00307840635243828,0.00231720886226494
2026-07-13,0.0062911086352786,-0.00768563381553022,-0.0191622068255208,-0.0245203808427856
2026-07-14,-0.00775107788928953,0.00354435305049527,0.0111079046695846,0.0128255875777139
2026-07-15,0.0393599955609405,0.00395580142006224,-0.00271319426087668,-0.0111720400959889
2026-07-16,0.0174349068429729,-0.00543335171481107,-0.0165771213658905,-0.0226130353357927
2026-07-17,0.00143918111874974,-0.00994645843871655,-0.0151436739091277,-0.0109315915766146
2026-07-20,-0.0216566575869805,-0.00161568275991719,0.00104928241260893,0.000683235864517684
2026-07-21,0.00351507500950898,0.00830671283160722,0.0183773111887779,0.0284458686381086
2026-07-22,-0.00566065733393017,-0.00116341788614172,-0.00511907228886432,-0.0028250649035515
2026-07-23,-0.0130647945093916,-0.0124261733687137,-0.0191659166748135,-0.0101473178795928
2026-07-24,0.0347073935629423,0.00101549657356514,-0.0112340923671939,-0.0145064607599057
2026-07-27,0.0116133131860305,0.000216552114583379,-0.00308850157938778,-0.00902400204016551
2026-07-28,0.00936495711319729,0.00239191773419645,-0.0097672493018468,-0.018588257602647
2026-07-29,-0.00557291257754855,-0.0155070892959293,-0.0205807507433668,-0.0267740269721477
2026-07-30,-0.0141749854414579,0.0166268048986389,0.0324422002785054,0.0535330164342795
2026-07-31,-0.0763828794580554,0.0071740147835806,0.00647450022984586,-0.00216469050030721
2026-08-03,-0.0179319564788427,0.0141425279042586,0.0174060517562999,0.0152241950439693
2026-08-04,0.0194522108448556,0.0178684076203002,0.0334038143661219,0.0485654753671598
2026-08-05,0.0052226746572801,-0.00199859787687728,-0.00909000875762267,-0.00531097646451517
2026-08-06,0.00452350876776375,-0.00159909090956845,-0.00370119959697224,-0.00312467565122887
2026-08-07,0.00294046363056033,0.00609672561389463,0.0116578090760502,0.0141443524334539
2026-08-10,-0.0154512432631471,-0.000297460973861519,-0.00299194647067491,-0.00881671723666688
2026-08-11,-0.0109269512929968,-0.00320037549292529,-0.00336267845676108,-0.00123525691207771
2026-08-12,-0.00876217361050635,0.00250153099055161,0.00728082807360941,0.014775595092793
2026-08-13,0.00990941498324549,0.0069532258512135,0.0114991890697009,0.01006253327661
2026-08-14,0.00219238919432563,-0.00198167376543612,-0.00136692339173905,-0.00399186289872855
2026-08-17,-0.00111197141232378,-0.00473857598010063,-0.00164279501540943,0.00163023103383431
2026-08-18,0.0144247407928999,-0.00677868050284136,-0.0170795309728442,-0.0250053576165818
